{"cameraMode":{"drawMode":0,"name":"Shaded","section":"Shading Mode"},"sceneLighting":true,"audioPlay":false,"sceneViewState":{"showFog":true,"showMaterialUpdate":false,"showSkybox":true,"showFlares":true,"showImageEffects":true,"showParticleSystems":true},"in2DMode":false,"pivot":{"x":-2.9247050285339357,"y":-4.682735443115234,"z":2.8047618865966799},"rotation":{"x":-0.4365220069885254,"y":0.016731875017285348,"z":-0.008111710660159588,"w":-0.89951092004776},"size":10.29083251953125,"orthographic":false}