{"cameraMode":{"drawMode":0,"name":"Shaded","section":"Shading Mode"},"sceneLighting":true,"audioPlay":false,"sceneViewState":{"showFog":false,"showMaterialUpdate":false,"showSkybox":false,"showFlares":false,"showImageEffects":false,"showParticleSystems":false},"in2DMode":false,"pivot":{"x":-1.1456880569458008,"y":-5.7526960372924809,"z":9.591156005859375},"rotation":{"x":-0.21162419021129609,"y":0.025502929463982583,"z":-0.0055237687192857269,"w":-0.977003276348114},"size":10.0,"orthographic":false}