{"cameraMode":{"drawMode":0,"name":"Shaded","section":"Shading Mode"},"sceneLighting":true,"audioPlay":false,"sceneViewState":{"showFog":true,"showMaterialUpdate":false,"showSkybox":true,"showFlares":true,"showImageEffects":true,"showParticleSystems":true},"in2DMode":false,"pivot":{"x":12.443604469299317,"y":-19.750991821289064,"z":26.56068229675293},"rotation":{"x":0.26528823375701907,"y":0.40374067425727847,"z":-0.12356598675251007,"w":0.8668065071105957},"size":54.198692321777347,"orthographic":true}