{"cameraMode":{"drawMode":0,"name":"Shaded","section":"Shading Mode"},"sceneLighting":true,"audioPlay":false,"sceneViewState":{"showFog":true,"showMaterialUpdate":false,"showSkybox":true,"showFlares":true,"showImageEffects":true,"showParticleSystems":true},"in2DMode":false,"pivot":{"x":-0.06755753606557846,"y":0.7399500012397766,"z":0.5701460838317871},"rotation":{"x":0.004785904660820961,"y":-0.9741715788841248,"z":0.22481945157051087,"w":0.02074653096497059},"size":1.1660282611846924,"orthographic":false}